Titulo,Precio (USD),Alerta,Vendedor,URL
Apple IPHONE 17 Pro Max 1TB Naranja Cósmico A3526 Disponible inmediatamente 1000GB Nuevo-,4288.47,🟠 Precio muy alto,Onlinehandel-McQueen,https://www.ebay.com/itm/227380370313
Apple IPHONE 17 Pro Max 256 GB Naranja Cósmico Disponible Inmediatamente A3526 Nuevo-,3236.18,🟠 Precio muy alto,Onlinehandel-McQueen,https://www.ebay.com/itm/227380370304
Apple IPHONE 17 Pro Max 256 GB Deep Blue A3526 inmediatamente disponible nuevo-,3230.18,🟠 Precio muy alto,Onlinehandel-McQueen,https://www.ebay.com/itm/227376308785
Apple iPhone 17 Pro Max 2 TB plata plata A3526 entrega inmediata 2000 GB NUEVO-,3149.0,🟠 Precio muy alto,Onlinehandel-McQueen,https://www.ebay.com/itm/326779984547
Apple iPhone 17 Pro Max Modelo Esim (Especificación CA) Todos los COLORES 256 GB ENVÍO RÁPIDO✈️-,2300.0,🟠 Precio muy alto,DrJLau s Emporium,https://www.ebay.com/itm/365885903412
"APPLE 2025 iPHONE 17 PRO MAX 6.9"" 256GB/512GB/1TB/2TB DESBLOQUEADO (A3526 DUAL SIM)-",2226.0,🟠 Precio muy alto,Sparohawk Online,https://www.ebay.com/itm/374930458268
Apple iPhone 17 Pro Max 1 TB-,2200.0,🟠 Precio muy alto,ja802565,https://www.ebay.com/itm/358569801876
"Apple iPhone 17 Pro Max 5G (Desbloqueado) 512 GB Doble SIM 6,9 pulgadas 48 MP Pantalla OLED-",2199.0,🟠 Precio muy alto,ThreePigs,https://www.ebay.com/itm/177439887865
"Apple iPhone 17 Pro Max 2 TB naranja 2000 GB naranja cósmico, sin bloqueo de SIM",2032.6,🟠 Precio muy alto,Onlinehandel-McQueen,https://www.ebay.com/itm/327215746101
iphone 17 pro max 2T,1890.0,🟢 Precio normal,gata9028,https://www.ebay.com/itm/206295731324
"Apple iPhone 17 Pro Max 6.9"" Doble SIM FÍSICA A3527 Desbloqueado FedEx/UPS-",1788.0,🟢 Precio normal,SmartShop Hong Kong,https://www.ebay.com/itm/287050959905
Smartphone Apple iPhone 17 Pro Max 1TB Naranja Cósmico - Nuevo-,1699.0,🟢 Precio normal,kubik_industry,https://www.ebay.com/itm/287401463654
"Apple iPhone 17 Pro Max 6.9"" SIM Física + eSIM A3526 Desbloqueado FedEx/UPS-",1678.0,🟢 Precio normal,SmartShop Hong Kong,https://www.ebay.com/itm/277630294890
Apple iPhone 17 Pro Max Nuevo EMBALAJE ORIGINAL Precintado-,1449.0,🟢 Precio normal,MR.Business&Webshop,https://www.ebay.com/itm/358622492417
Teléfono Apple Iphone 17 Pro Max 256 GB + Caja.,1299.95,🟢 Precio normal,shopquemedas,https://www.ebay.com/itm/358717447907
Smartphone Apple iPhone 17 Pro Max 256GB Naranja Cósmico UE - Nuevo-,1249.0,🟢 Precio normal,kubik_industry,https://www.ebay.com/itm/287401420400
Apple iPhone 17 Pro Max 256 GB Plateado Desbloqueado - Nuevo Sellado - Envío Rápido-,1249.0,🟢 Precio normal,alldayspecial4you,https://www.ebay.com/itm/178263524316
Apple iPhone 17 Pro Max - 256 GB - Azul Profundo (Desbloqueado)-,1240.0,🟢 Precio normal,keni-7308,https://www.ebay.com/itm/800240008755
Apple iPhone 17 Pro Max 256 GB azul profundo-,1199.0,🟢 Precio normal,kubik_industry,https://www.ebay.com/itm/287424374133
Smartphone Apple iPhone 17 Pro Max 256GB Naranja Cósmico UE - Nuevo-,1199.0,🟢 Precio normal,kubik_industry,https://www.ebay.com/itm/287424335487
"iPhone 17 Pro Max Reino Unido Stock Original, 256 GB, Garantía de un año, Nuevo CON CAJA-",1092.0,🔴 ALERTA DE ESTAFA (Muy barato),primemobileuk06,https://www.ebay.com/itm/306961117017
Apple iPhone 17 Pro Max 256 5G Desbloqueado - Naranja,955.0,🔴 ALERTA DE ESTAFA (Muy barato),nk0861,https://www.ebay.com/itm/800226713754
