URL,Titulo,Precio,Condicion,Vendedor
https://www.ebay.com/itm/296096327442,Apple iPhone 11 Pro Max 64GB Desbloqueado Buen Estado - Todos los Colores-,US $219.99,No encontrada,ItsWorthMore
https://www.ebay.com/itm/358569801876,Apple iPhone 17 Pro Max 1 TB-,AUD2 200.00,No encontrada,ja802565
https://www.ebay.com/itm/296097588269,Apple iPhone 12 Pro Max 128GB Desbloqueado Buen Estado - Todos los Colores-,US $329.99,No encontrada,ItsWorthMore
https://www.ebay.com/itm/296858720243,Apple iPhone 16 Pro Max 256GB Desbloqueado Muy Buen Estado - Todos los Colores-,US $829.99,No encontrada,ItsWorthMore
https://www.ebay.com/itm/800240008755,Apple iPhone 17 Pro Max - 256 GB - Azul Profundo (Desbloqueado)-,US $1 240.00,No encontrada,keni-7308
https://www.ebay.com/itm/287419898535,Apple iPhone 15/15 pro/15 pro max 128/256/512GB DESBLOQUEADO (cualquier operador)-REGALO--,GBP 425.00,No encontrada,phonepro888
https://www.ebay.com/itm/277630294890,"Apple iPhone 17 Pro Max 6.9"" SIM Física + eSIM A3526 Desbloqueado FedEx/UPS-",US $1 678.00,No encontrada,SmartShop Hong Kong
https://www.ebay.com/itm/327204762881,Apple iPhone 16 256GB - Totalmente Desbloqueado - EXCELENTE ESTADO-,US $669.99,No encontrada,Gadget Solutions
https://www.ebay.com/itm/276217995756,Apple iPhone 15 Pro Max 256GB Desbloqueado Buen Estado - Todos los Colores-,US $619.99,No encontrada,ItsWorthMore
https://www.ebay.com/itm/227380370313,Apple IPHONE 17 Pro Max 1TB Naranja Cósmico A3526 Disponible inmediatamente 1000GB Nuevo-,CAD4 288.47,No encontrada,Onlinehandel-McQueen
https://www.ebay.com/itm/287401420400,Smartphone Apple iPhone 17 Pro Max 256GB Naranja Cósmico UE - Nuevo-,US $1 249.00,No encontrada,kubik_industry
https://www.ebay.com/itm/168308855081,Apple iPhone 15 Pro Max 512 GB Desbloqueado de fábrica Muy buen estado-,US $700.00,No encontrada,Savay Deals
https://www.ebay.com/itm/226896663492,Apple iPhone 12 Pro Max 512 GB Completamente Desbloqueado - Muy Buen Estado-,US $379.99,No encontrada,Gadget Solutions
https://www.ebay.com/itm/358717447907,Teléfono Apple Iphone 17 Pro Max 256 GB + Caja.,1 299.95 EUR,No encontrada,shopquemedas
https://www.ebay.com/itm/227380370304,Apple IPHONE 17 Pro Max 256 GB Naranja Cósmico Disponible Inmediatamente A3526 Nuevo-,CAD3 236.18,No encontrada,Onlinehandel-McQueen
https://www.ebay.com/itm/297124251895,Apple iPhone 16 Pro 256GB Desbloqueado Buen Estado - Todos los Colores-,US $699.99,No encontrada,ItsWorthMore
https://www.ebay.com/itm/365885903412,Apple iPhone 17 Pro Max Modelo Esim (Especificación CA) Todos los COLORES 256 GB ENVÍO RÁPIDO✈️-,CAD2 300.00,No encontrada,DrJLau s Emporium
https://www.ebay.com/itm/287424335487,Smartphone Apple iPhone 17 Pro Max 256GB Naranja Cósmico UE - Nuevo-,US $1 199.00,No encontrada,kubik_industry
https://www.ebay.com/itm/285597000557,Apple iPhone 11 Pro Max 64GB Desbloqueado Excelente Estado - Todos los Colores-,US $249.99,No encontrada,ItsWorthMore
https://www.ebay.com/itm/158024760624,Smartphone Apple iPhone 15 Pro Max 256/512GB Desbloqueado De Fábrica Todos los Colores Bueno-,GBP 618.00,No encontrada,jane-globalelectronic
https://www.ebay.com/itm/285598072917,Apple iPhone 12 Pro Max 512 GB Desbloqueado Buen Estado - Todos los Colores-,US $369.99,No encontrada,ItsWorthMore
https://www.ebay.com/itm/306961117017,"iPhone 17 Pro Max Reino Unido Stock Original, 256 GB, Garantía de un año, Nuevo CON CAJA-",GBP 1 092.00,No encontrada,primemobileuk06
https://www.ebay.com/itm/358622492417,Apple iPhone 17 Pro Max Nuevo EMBALAJE ORIGINAL Precintado-,1 449.00 EUR,No encontrada,MR.Business&Webshop
https://www.ebay.com/itm/326361822196,Apple iPhone 13 Pro Max 128 GB - Totalmente Desbloqueado - 5G - EXCELENTE Estado-,US $457.99,No encontrada,Gadget Solutions
https://www.ebay.com/itm/377179036076,iPhone 15 Pro Max - 256 GB - 91% SALUD - Titanio Natural - BLOQUEADO AL ESPECTRO-,AUD650.00,No encontrada,uspavana
https://www.ebay.com/itm/326779984547,Apple iPhone 17 Pro Max 2 TB plata plata A3526 entrega inmediata 2000 GB NUEVO-,3 149.00 EUR,No encontrada,Onlinehandel-McQueen
https://www.ebay.com/itm/287401463654,Smartphone Apple iPhone 17 Pro Max 1TB Naranja Cósmico - Nuevo-,US $1 699.00 cada una,No encontrada,kubik_industry
https://www.ebay.com/itm/326404357889,Apple iPhone 14 Pro 128GB Completamente Desbloqueado - MUY BUEN Estado-,US $439.99,No encontrada,Gadget Solutions
https://www.ebay.com/itm/178263524316,Apple iPhone 17 Pro Max 256 GB Plateado Desbloqueado - Nuevo Sellado - Envío Rápido-,US $1 249.00,No encontrada,alldayspecial4you
https://www.ebay.com/itm/326545468151,Apple iPhone 13 Pro Max 256GB - Totalmente Desbloqueado - MUY BUEN Estado-,US $479.99,No encontrada,Gadget Solutions
https://ebay.com/itm/123456,No encontrado,No encontrado,No encontrada,No encontrado
https://www.ebay.com/itm/285598123720,Apple iPhone 14 Pro Max 256GB Desbloqueado Buen Estado - Todos los Colores-,US $509.99,No encontrada,ItsWorthMore
https://www.ebay.com/itm/327236932138,,,No encontrada,
https://www.ebay.com/itm/276216614078,Apple iPhone 12 64GB Desbloqueado Buen Estado - Todos los Colores-,US $164.99,No encontrada,ItsWorthMore
https://www.ebay.com/itm/276217881639,Apple iPhone 14 Pro Max 128GB Desbloqueado Buen Estado - Todos los Colores-,US $479.99,No encontrada,ItsWorthMore
https://www.ebay.com/itm/287050959905,"Apple iPhone 17 Pro Max 6.9"" Doble SIM FÍSICA A3527 Desbloqueado FedEx/UPS-",US $1 788.00,No encontrada,SmartShop Hong Kong
https://www.ebay.com/itm/296097789027,Apple iPhone 15 Pro Max 256GB Desbloqueado Muy Buen Estado - Todos los Colores-,US $659.99,No encontrada,ItsWorthMore
https://www.ebay.com/itm/276217818724,Apple iPhone 12 Pro Max 128GB Desbloqueado Muy Buen Estado - Todos los Colores-,US $349.99,No encontrada,ItsWorthMore
https://www.ebay.com/itm/287424374133,Apple iPhone 17 Pro Max 256 GB azul profundo-,US $1 199.00,No encontrada,kubik_industry
https://www.ebay.com/itm/374930458268,"APPLE 2025 iPHONE 17 PRO MAX 6.9"" 256GB/512GB/1TB/2TB DESBLOQUEADO (A3526 DUAL SIM)-",US $2 226.00,No encontrada,Sparohawk Online
https://www.ebay.com/itm/206295731324,iphone 17 pro max 2T,1 890.00 EUR,No encontrada,gata9028
https://www.ebay.com/itm/226423631540,Apple iPhone 13 Pro Max 128GB - Totalmente Desbloqueado - MUY BUEN Estado-,US $439.99,No encontrada,Gadget Solutions
https://www.ebay.com/itm/276217886958,Apple iPhone 14 Pro Max 512 GB Desbloqueado Buen Estado - Todos los Colores-,US $529.99,No encontrada,ItsWorthMore
https://www.ebay.com/itm/327215746101,"Apple iPhone 17 Pro Max 2 TB naranja 2000 GB naranja cósmico, sin bloqueo de SIM",2 032.60 EUR,No encontrada,Onlinehandel-McQueen
https://www.ebay.com/itm/285598123369,Apple iPhone 14 Pro Max 256GB Desbloqueado Muy Buen Estado - Todos los Colores-,US $529.99,No encontrada,ItsWorthMore
https://www.ebay.com/itm/285596667873,Apple iPhone 13 Pro Max 256GB Desbloqueado Muy Buen Estado - Todos los Colores-,US $449.99,No encontrada,ItsWorthMore
https://www.ebay.com/itm/227376308785,Apple IPHONE 17 Pro Max 256 GB Deep Blue A3526 inmediatamente disponible nuevo-,CAD3 230.18,No encontrada,Onlinehandel-McQueen
https://www.ebay.com/itm/800226713754,Apple iPhone 17 Pro Max 256 5G Desbloqueado - Naranja,955.00 EUR,No encontrada,nk0861
https://www.ebay.com/itm/177439887865,"Apple iPhone 17 Pro Max 5G (Desbloqueado) 512 GB Doble SIM 6,9 pulgadas 48 MP Pantalla OLED-",US $2 199.00,No encontrada,ThreePigs
https://www.ebay.com/itm/296097674434,Apple iPhone 14 Pro Max 512 GB Desbloqueado Muy Buen Estado - Todos los Colores-,US $579.99,No encontrada,ItsWorthMore
